City_ID,City,Country,Lat,Lng,Max Temp,Humidity,Cloudiness,Wind Speed,Current Description
0,Punta Arenas,CL,-53.15,-70.9167,50.0,71,0,13.8,clear sky
1,Kenai,US,60.5544,-151.2583,35.6,59,90,10.36,overcast clouds
2,Butaritari,KI,3.0707,172.7902,81.46,78,100,13.06,light rain
3,Amqui,CA,48.4638,-67.4313,42.8,81,20,8.05,few clouds
4,Bambous Virieux,MU,-20.3428,57.7575,80.01,88,75,12.66,light rain
5,Atuona,PF,-9.8,-139.0333,80.73,73,5,15.26,clear sky
6,Lagoa,PT,39.05,-27.9833,59.22,92,24,22.91,few clouds
7,Batagay,RU,67.6333,134.6333,1.58,86,61,1.21,broken clouds
8,Mar Del Plata,AR,-38.0023,-57.5575,71.6,83,1,9.22,clear sky
9,Rikitea,PF,-23.1203,-134.9692,77.11,60,0,7.72,clear sky
10,Buraydah,SA,26.326,43.975,71.6,23,0,10.36,clear sky
11,Huarmey,PE,-10.0681,-78.1522,70.5,86,97,8.23,overcast clouds
12,Nantucket,US,41.2835,-70.0995,44.6,93,1,12.66,clear sky
13,Hermanus,ZA,-34.4187,19.2345,60.01,90,100,1.99,overcast clouds
14,Busselton,AU,-33.65,115.3333,62.01,83,33,1.99,scattered clouds
15,Smithers,CA,54.7804,-127.1743,39.2,52,75,9.22,broken clouds
16,Valvedditturai,LK,9.8167,80.1667,78.1,83,32,7.52,scattered clouds
17,Ushuaia,AR,-54.8,-68.3,46.4,87,40,3.71,scattered clouds
18,Mataura,NZ,-46.1927,168.8643,63.0,66,11,5.01,few clouds
19,Conceicao Do Araguaia,BR,-8.2578,-49.2647,78.8,94,0,3.44,clear sky
20,Klaksvik,FO,62.2266,-6.589,35.6,100,90,23.02,overcast clouds
21,Zhigansk,RU,66.7697,123.3711,10.35,89,100,22.62,overcast clouds
22,Barrow,US,71.2906,-156.7887,-18.4,63,90,11.5,haze
23,Sur,OM,22.5667,59.5289,79.5,37,0,6.38,clear sky
24,Tuatapere,NZ,-46.1333,167.6833,63.0,66,15,5.01,few clouds
25,Hasaki,JP,35.7333,140.8333,59.0,87,40,4.61,scattered clouds
26,Bluff,NZ,-46.6,168.3333,63.0,66,17,5.01,few clouds
27,Pevek,RU,69.7008,170.3133,-13.38,93,79,4.47,broken clouds
28,Aginskoye,RU,51.1,114.53,46.96,39,10,5.57,clear sky
29,Lavrentiya,RU,65.5833,-171.0,-0.42,74,28,5.46,scattered clouds
30,Puerto Ayora,EC,-0.7393,-90.3518,77.0,92,16,1.01,few clouds
31,Tezu,IN,27.9167,96.1667,77.83,33,87,1.48,overcast clouds
32,Cherskiy,RU,68.75,161.3,-0.49,87,100,4.18,overcast clouds
33,Saldanha,ZA,-33.0117,17.9442,59.0,88,4,4.61,clear sky
34,Kodiak,US,57.79,-152.4072,37.4,70,90,10.36,light snow
35,Tubarao,BR,-28.4667,-49.0069,66.58,88,2,3.04,clear sky
36,Vaini,TO,-21.2,-175.2,80.6,74,20,9.22,few clouds
37,Praia Da Vitoria,PT,38.7333,-27.0667,60.01,82,40,15.12,scattered clouds
38,Jamestown,US,42.097,-79.2353,64.4,55,1,5.75,clear sky
39,Bengkulu,ID,-3.8004,102.2655,77.49,81,96,3.36,overcast clouds
40,Thompson,CA,55.7435,-97.8558,46.4,46,20,9.22,few clouds
41,Rabaul,PG,-4.1967,152.1721,78.24,89,100,18.61,moderate rain
42,Consett,GB,54.854,-1.8316,35.01,75,87,5.75,overcast clouds
43,Roma,US,43.2128,-75.4557,62.6,39,1,3.44,clear sky
44,Te Anau,NZ,-45.4167,167.7167,62.71,48,1,2.44,clear sky
45,Port Alfred,ZA,-33.5906,26.891,68.2,83,100,11.25,overcast clouds
46,Rawah,IQ,34.4816,41.9093,69.85,24,95,6.26,overcast clouds
47,Codrington,AU,-38.2667,141.9667,73.08,36,100,11.83,overcast clouds
48,Jijiga,ET,9.35,42.8,59.18,17,75,6.2,broken clouds
49,Kapaa,US,22.0752,-159.319,73.4,73,90,21.85,light rain
50,Tuktoyaktuk,CA,69.4541,-133.0374,-4.0,71,20,6.91,few clouds
51,New Ross,IE,52.3967,-6.9367,42.01,85,65,4.16,broken clouds
52,Carutapera,BR,-1.195,-46.02,77.61,88,93,5.32,overcast clouds
53,Castro,BR,-24.7911,-50.0119,57.67,95,6,9.13,clear sky
54,Kautokeino,NO,69.0125,23.0412,21.79,93,100,6.82,overcast clouds
55,Maniitsoq,GL,65.4167,-52.9,28.08,66,100,7.83,overcast clouds
56,Nikolskoye,RU,59.7035,30.7861,30.99,93,95,2.55,mist
57,Kuldur,RU,49.2167,131.6333,29.19,60,100,8.93,overcast clouds
58,Tilichiki,RU,60.4667,166.1,9.91,79,6,6.85,clear sky
59,Cape Town,ZA,-33.9258,18.4232,63.0,94,0,11.5,clear sky
60,Grindavik,IS,63.8424,-22.4338,30.2,100,90,20.71,light snow
61,Portland,US,45.5234,-122.6762,52.0,66,90,6.91,overcast clouds
62,Voh,NC,-20.9667,164.7,85.66,54,99,9.24,overcast clouds
63,Arraial Do Cabo,BR,-22.9661,-42.0278,69.8,94,20,14.36,few clouds
64,Sinaloa,MX,25.0,-107.5,82.99,42,75,9.22,broken clouds
65,Taoudenni,ML,22.6783,-3.9836,84.2,15,2,9.24,clear sky
66,Aklavik,CA,68.2191,-135.0107,8.6,52,1,4.61,clear sky
67,Upernavik,GL,72.7868,-56.1549,-3.14,88,95,7.02,overcast clouds
68,Mahebourg,MU,-20.4081,57.7,77.0,88,75,12.66,light rain
69,Homer,US,59.6425,-151.5483,36.0,51,90,3.44,overcast clouds
70,Hobart,AU,-42.8794,147.3294,69.01,55,0,8.05,clear sky
71,Flinders,AU,-34.5833,150.8552,77.0,72,39,1.01,scattered clouds
72,Bubaque,GW,11.2833,-15.8333,77.52,78,20,12.44,few clouds
73,San Antonio,US,29.4241,-98.4936,90.0,15,1,10.36,clear sky
74,Seymchan,RU,62.8833,152.4333,5.68,81,51,4.16,broken clouds
75,College,US,64.8569,-147.8028,18.0,41,40,3.44,scattered clouds
76,Empangeni,ZA,-28.762,31.8933,64.51,92,53,4.0,broken clouds
77,San Pedro De Macoris,DO,18.4616,-69.2972,75.99,94,90,8.05,overcast clouds
78,Igrim,RU,63.1906,64.4162,31.42,95,100,5.21,overcast clouds
79,Taltal,CL,-25.4,-70.4833,68.32,76,100,3.29,overcast clouds
80,Petropavlovsk-Kamchatskiy,RU,53.0452,158.6483,33.8,60,40,2.24,scattered clouds
81,Pangnirtung,CA,66.1451,-65.7125,30.04,95,100,9.06,snow
82,Namatanai,PG,-3.6667,152.4333,78.71,88,100,10.58,moderate rain
83,Saint Anthony,US,45.0205,-93.218,66.0,72,1,6.91,clear sky
84,Avarua,CK,-21.2078,-159.775,84.2,65,75,9.22,broken clouds
85,Port Elizabeth,ZA,-33.918,25.5701,64.4,94,90,6.91,mist
86,Charters Towers,AU,-20.1,146.2667,84.88,44,62,6.87,broken clouds
87,Bathsheba,BB,13.2167,-59.5167,78.8,65,20,11.5,few clouds
88,Ust-Tsilma,RU,65.441,52.1498,34.86,85,100,7.43,overcast clouds
89,New Norfolk,AU,-42.7826,147.0587,66.99,44,100,3.29,overcast clouds
90,Saint-Philippe,RE,-21.3585,55.7679,78.8,78,75,8.05,broken clouds
91,Provideniya,RU,64.3833,-173.3,5.0,66,0,6.71,clear sky
92,Fare,PF,-16.7,-151.0167,81.77,60,71,10.33,broken clouds
93,Monster,NL,52.0258,4.175,39.99,81,20,5.75,few clouds
94,Macklin,CA,52.3334,-109.9348,62.6,17,100,17.27,overcast clouds
95,Cabedelo,BR,-6.9811,-34.8339,78.8,89,20,6.91,few clouds
96,Reconquista,AR,-29.15,-59.65,70.21,81,41,6.96,light rain
97,Aleksandrov Gay,RU,50.147,48.5704,45.41,72,82,12.82,broken clouds
98,Bambanglipuro,ID,-7.95,110.2833,80.6,80,45,1.9,scattered clouds
99,Kaitangata,NZ,-46.2817,169.8464,61.0,69,8,8.01,clear sky
100,Saskylakh,RU,71.9167,114.0833,5.11,94,100,6.6,overcast clouds
101,Constitucion,CL,-35.3333,-72.4167,55.58,83,63,8.03,broken clouds
102,Alofi,NU,-19.0595,-169.9187,82.4,69,40,9.22,scattered clouds
103,Bonnyville,CA,54.2668,-110.735,60.8,21,90,4.61,overcast clouds
104,Victoria,HK,22.2855,114.1577,73.99,78,95,3.0,overcast clouds
105,Yellowknife,CA,62.456,-114.3525,19.4,79,90,10.36,snow
106,Kolaras,IN,25.2333,77.6,76.32,25,22,9.06,few clouds
107,Margate,GB,51.3813,1.3862,39.0,52,6,1.99,clear sky
108,Esmeraldas,BR,-19.7625,-44.3139,69.8,77,0,13.8,clear sky
109,Kiama,AU,-34.6833,150.8667,77.0,72,39,1.01,scattered clouds
110,Bulgan,MN,48.8125,103.5347,44.62,30,34,2.57,scattered clouds
111,Albany,US,42.6001,-73.9662,59.0,55,20,6.91,few clouds
112,Mount Gambier,AU,-37.8333,140.7667,66.2,59,100,12.66,overcast clouds
113,Airai,TL,-8.9266,125.4092,68.58,77,100,1.16,overcast clouds
114,Yumen,CN,40.2833,97.2,48.42,25,100,10.07,overcast clouds
115,Torbay,CA,47.6666,-52.7314,37.0,95,72,3.0,broken clouds
116,Fuerte Olimpo,PY,-21.0415,-57.8738,74.82,62,2,4.9,clear sky
117,Ahipara,NZ,-35.1667,173.1667,70.3,62,76,1.05,broken clouds
118,Sarany,RU,58.5,58.8833,32.58,98,100,7.63,overcast clouds
119,Narsaq,GL,60.9167,-46.05,39.2,56,40,5.75,scattered clouds
120,Vila Velha,BR,-20.3297,-40.2925,75.99,94,75,6.91,broken clouds
121,Puyo,EC,-1.4667,-77.9833,68.0,94,90,2.3,moderate rain
122,Ponta Do Sol,PT,32.6667,-17.1,61.0,76,100,1.01,overcast clouds
123,Hilo,US,19.7297,-155.09,78.8,47,40,12.66,scattered clouds
124,Konstantinovka,RU,49.6167,127.9833,31.87,37,6,18.66,clear sky
125,Havelock,US,34.8791,-76.9013,71.01,51,6,5.32,clear sky
126,Nanortalik,GL,60.1432,-45.2371,35.64,86,100,5.06,overcast clouds
127,Icod De Los Vinos,ES,28.3724,-16.7119,64.0,65,71,0.69,broken clouds
128,Muroto,JP,33.2833,134.15,62.6,42,75,5.75,broken clouds
129,Luderitz,NA,-26.6481,15.1594,69.22,53,0,7.74,clear sky
130,Skelleftea,SE,64.7507,20.9528,28.4,69,11,5.75,few clouds
131,Chervona Sloboda,UA,49.3789,32.1464,31.68,83,5,10.96,clear sky
132,Yar-Sale,RU,66.8333,70.8333,10.33,100,100,3.31,overcast clouds
133,Kirakira,SB,-10.4544,161.9205,84.4,70,100,11.65,overcast clouds
134,Ketchikan,US,55.3422,-131.6461,41.0,75,40,10.36,scattered clouds
135,Qaanaaq,GL,77.484,-69.3632,2.23,68,100,7.58,overcast clouds
136,Severo-Kurilsk,RU,50.6789,156.125,31.6,89,100,50.31,overcast clouds
137,Wattegama,LK,6.7989,81.4808,73.4,100,20,2.3,few clouds
138,Chicama,PE,-7.8447,-79.1469,68.0,88,75,9.22,broken clouds
139,Gorontalo,ID,0.5412,123.0595,84.83,70,100,0.78,light rain
140,Katsuura,JP,35.1333,140.3,57.99,66,75,5.75,broken clouds
141,Sitrah,BH,26.1547,50.6206,75.2,35,0,4.61,clear sky
142,Aykhal,RU,66.0,111.5,17.31,92,100,10.33,light snow
143,Kruisfontein,ZA,-34.0033,24.7314,62.01,92,18,1.01,few clouds
144,Khatanga,RU,71.9667,102.5,-8.52,97,100,2.98,overcast clouds
145,Ribeira Grande,PT,38.5167,-28.7,60.1,90,54,20.87,broken clouds
146,Kimbe,PG,-5.5502,150.1429,77.31,92,100,12.5,moderate rain
147,Cayenne,GF,4.9333,-52.3333,75.2,100,75,1.14,broken clouds
148,Bethel,US,41.3712,-73.414,62.6,39,1,11.5,clear sky
149,Matara,LK,5.9485,80.5353,75.38,84,18,3.11,few clouds
150,Acapulco,MX,16.8634,-99.8901,82.4,69,40,11.5,scattered clouds
151,Ossora,RU,59.2353,163.0719,18.0,87,91,3.71,overcast clouds
152,Padang,ID,-0.9492,100.3543,75.2,100,40,2.3,scattered clouds
153,Rock Sound,BS,24.9,-76.2,71.15,56,88,12.21,overcast clouds
154,Asau,RO,46.4333,26.4,28.4,93,0,2.3,clear sky
155,Faanui,PF,-16.4833,-151.75,81.36,68,62,13.24,broken clouds
156,Winnemucca,US,40.973,-117.7357,68.0,11,1,18.41,clear sky
157,Mandalgovi,MN,45.7625,106.2708,42.17,33,0,11.36,clear sky
158,Tsogni,GA,-2.7942,10.0988,77.31,90,76,4.03,moderate rain
159,Raytown,US,39.0086,-94.4636,50.0,87,90,16.11,overcast clouds
160,Aguililla,MX,18.7333,-102.7333,78.21,37,4,7.25,clear sky
161,Chuy,UY,-33.6971,-53.4616,69.89,82,0,13.6,clear sky
162,Georgetown,MY,5.4112,100.3354,80.01,94,20,2.3,few clouds
163,Nueva Gerona,CU,21.8833,-82.8,75.51,72,97,6.98,overcast clouds
164,Fagernes,NO,60.9858,9.2324,12.96,91,65,2.68,broken clouds
165,Ostrovnoy,RU,68.0531,39.5131,30.34,87,100,11.16,overcast clouds
166,Zharkent,KZ,44.1628,80.0,51.42,57,100,2.8,overcast clouds
167,Noumea,NC,-22.2763,166.4572,87.01,57,75,5.75,broken clouds
168,Waipawa,NZ,-41.4122,175.5153,69.8,64,0,14.97,clear sky
169,Hovd,MN,48.0056,91.6419,41.09,34,0,6.78,clear sky
170,Moyale,KE,3.5167,39.0584,67.14,71,90,2.84,overcast clouds
171,Broken Hill,AU,-31.95,141.4333,77.0,22,2,2.3,clear sky
172,Matiari,PK,25.5961,68.4467,68.0,68,0,5.06,haze
173,Lebu,CL,-37.6167,-73.65,54.79,90,2,4.36,clear sky
174,Tasiilaq,GL,65.6145,-37.6368,15.8,67,8,2.3,clear sky
175,Cabo San Lucas,MX,22.8909,-109.9124,82.4,36,40,10.36,scattered clouds
176,Jacareacanga,BR,-6.2222,-57.7528,75.69,90,86,2.33,overcast clouds
177,Vardo,NO,70.3705,31.1107,21.2,86,0,5.75,clear sky
178,Grand-Lahou,CI,5.1367,-5.0242,79.88,91,30,6.42,scattered clouds
179,Namibe,AO,-15.1961,12.1522,78.55,82,70,6.67,broken clouds
180,Alice Springs,AU,-23.7,133.8833,82.99,27,0,8.05,clear sky
181,Kysyl-Syr,RU,63.8986,122.7617,12.34,88,100,13.22,overcast clouds
182,Havre-Saint-Pierre,CA,50.2334,-63.5986,46.4,81,90,9.22,overcast clouds
183,Balkhash,KZ,46.844,74.9804,44.06,76,11,9.13,few clouds
184,Lasa,IT,46.6166,10.7002,27.0,86,40,2.3,scattered clouds
185,Strezhevoy,RU,60.7333,77.5889,32.0,93,90,4.47,overcast clouds
186,Souillac,MU,-20.5167,57.5167,77.0,88,75,12.66,broken clouds
187,Wum,CM,6.3833,10.0667,73.17,57,72,4.07,broken clouds
188,Ballina,AU,-28.8667,153.5667,73.4,83,75,11.5,broken clouds
189,Malpe,IN,13.35,74.7167,80.6,89,40,3.78,scattered clouds
190,Zhanaozen,KZ,43.3,52.8,53.42,35,0,12.68,clear sky
191,Tiksi,RU,71.6872,128.8694,-2.54,90,100,3.6,overcast clouds
192,Mocuba,MZ,-16.8392,36.9856,65.5,97,54,4.09,broken clouds
193,Chokurdakh,RU,70.6333,147.9167,-0.08,85,52,3.06,broken clouds
194,Shache,CN,38.4167,77.2406,45.25,72,100,3.36,overcast clouds
195,Cap-Aux-Meules,CA,47.3821,-61.8597,39.2,93,100,6.91,overcast clouds
196,Muscatine,US,41.4667,-91.1335,68.0,83,75,5.75,broken clouds
197,Storsteinnes,NO,69.2408,19.2344,30.2,80,75,4.61,light snow
198,Clyde River,CA,70.4692,-68.5914,8.6,92,90,4.61,light snow
199,Longyearbyen,SJ,78.2186,15.6401,23.0,80,75,19.57,light snow
200,Kalemie,CD,-5.9475,29.1947,67.44,94,99,4.76,moderate rain
201,Talnakh,RU,69.4865,88.3972,1.56,95,69,0.4,broken clouds
202,Salalah,OM,17.0151,54.0924,75.2,57,0,5.75,clear sky
203,Soverato,IT,38.685,16.5499,53.6,71,75,12.66,broken clouds
204,Ternate,ID,0.8,127.4,83.64,72,50,0.31,scattered clouds
205,Bandarbeyla,SO,9.4942,50.8122,75.47,62,8,2.66,clear sky
206,Atar,MR,20.5169,-13.0499,78.89,19,0,7.72,clear sky
207,Fairbanks,US,64.8378,-147.7164,19.0,48,1,3.44,clear sky
208,Ostersund,SE,63.1792,14.6357,24.8,86,11,8.05,few clouds
209,Auki,SB,-8.7676,160.7034,85.77,63,100,4.85,overcast clouds
210,Evensk,RU,61.95,159.2333,14.02,81,22,1.9,few clouds
211,Parana,AR,-31.732,-60.5238,79.0,76,100,1.01,overcast clouds
212,Washington,US,47.5001,-120.5015,55.0,39,18,5.99,few clouds
213,Laibin,CN,23.7,109.2667,66.43,76,99,11.81,overcast clouds
214,Kavieng,PG,-2.5744,150.7967,79.99,77,100,21.59,moderate rain
215,Araouane,ML,18.9048,-3.5265,83.7,11,0,8.34,clear sky
216,Port Lincoln,AU,-34.7333,135.8667,79.86,31,100,13.62,overcast clouds
217,Canala,NC,-21.5333,165.95,82.4,57,75,5.75,broken clouds
218,Egvekinot,RU,66.3167,-179.1667,-1.91,78,6,2.53,clear sky
219,Honiara,SB,-9.4333,159.95,82.49,77,100,8.08,overcast clouds
220,Sandwick,GB,60.0,-1.25,37.4,75,75,18.41,broken clouds
221,Lata,PT,40.1629,-8.3327,55.99,84,38,1.79,scattered clouds
222,Puerto Baquerizo Moreno,EC,-0.9,-89.6,77.27,82,71,4.09,broken clouds
223,Sakakah,SA,29.9697,40.2064,73.4,17,0,5.75,clear sky
224,Cherepovets,RU,59.1333,37.9,33.82,98,100,11.12,snow
225,Erzin,TR,36.9559,36.2,64.0,91,5,1.7,clear sky
226,Walcz,PL,53.2779,16.4712,37.0,90,100,5.01,overcast clouds
227,Urengoy,RU,65.9667,78.3667,9.3,95,35,7.56,scattered clouds
228,Barinas,VE,8.6226,-70.2075,77.0,100,94,2.3,overcast clouds
229,Hobyo,SO,5.3505,48.5268,78.94,63,5,8.97,clear sky
230,Manono,CD,-7.3,27.4167,68.41,98,99,3.51,overcast clouds
231,Mujiayingzi,CN,42.1167,118.7833,48.45,33,0,7.96,clear sky
232,Vila Franca Do Campo,PT,37.7167,-25.4333,60.8,82,75,18.41,broken clouds
233,Chestermere,CA,51.0334,-113.8187,57.0,24,40,17.27,scattered clouds
234,Dikson,RU,73.5069,80.5464,8.82,80,100,5.08,overcast clouds
235,Veraval,IN,20.9,70.3667,77.2,77,0,14.32,clear sky
236,Comodoro Rivadavia,AR,-45.8667,-67.5,64.4,39,0,13.8,clear sky
237,Anori,BR,-3.7728,-61.6442,76.96,84,73,1.34,broken clouds
238,Deputatskiy,RU,69.3,139.9,-1.57,90,82,2.89,broken clouds
239,Camopi,GF,3.1655,-52.3158,71.11,99,100,1.43,overcast clouds
240,Xixiang,CN,35.1628,112.865,61.74,46,19,4.85,few clouds
241,Sobolevo,RU,54.4299,31.8996,30.83,90,100,8.43,light snow
242,Semenivka,UA,52.1783,32.5818,31.6,88,95,11.36,light snow
243,Kachug,RU,53.9606,105.8817,34.21,82,61,2.35,broken clouds
244,Sorland,NO,67.667,12.6934,32.83,52,100,16.62,light snow
245,Rongcheng,CN,30.634,117.8517,49.53,92,100,7.09,overcast clouds
246,Inuvik,CA,68.3499,-133.7218,8.6,47,100,4.61,overcast clouds
247,Mercedes,AR,-34.6515,-59.4307,75.99,82,24,1.01,few clouds
248,Nakusp,CA,50.2499,-117.8023,41.0,93,100,5.75,light rain
249,Rey Bouba,CM,8.6724,14.1786,93.6,15,100,2.66,overcast clouds
250,Abu Samrah,SY,35.3029,37.1841,61.56,38,99,6.31,overcast clouds
251,Camana,PE,-16.6228,-72.7111,70.41,85,93,7.85,overcast clouds
252,Meadow Lake,US,34.8014,-106.5436,72.0,5,20,14.97,few clouds
253,Khandbari,NP,27.3747,87.2039,68.74,35,3,3.58,clear sky
254,Gazojak,TM,41.1875,61.4036,60.87,34,11,7.52,few clouds
255,Chaumont,FR,48.1167,5.1333,39.2,60,0,1.92,clear sky
256,Dwarka,IN,22.2394,68.9678,78.89,66,0,12.08,clear sky
257,Doume,CM,4.2333,13.45,72.05,75,49,3.24,scattered clouds
258,Mayo,US,38.8876,-76.5119,63.0,59,1,8.05,clear sky
259,Ambon,ID,-3.6954,128.1814,84.2,79,20,3.44,few clouds
260,Pa Sang,TH,18.5262,98.9394,80.01,99,0,1.52,clear sky
261,Urucui,BR,-7.2294,-44.5561,81.52,61,80,0.69,broken clouds
262,Antigonish,CA,45.6169,-61.9986,39.99,92,100,3.0,overcast clouds
263,Pasni,PK,25.2631,63.471,80.2,33,0,8.19,clear sky
264,Matagami,CA,49.7502,-77.6328,48.2,49,90,5.75,overcast clouds
265,Zhigalovo,RU,54.8097,105.1578,38.01,80,100,3.85,overcast clouds
266,Ayan,RU,56.45,138.1667,24.53,88,100,14.85,light snow
267,Hithadhoo,MV,-0.6,73.0833,82.89,66,57,10.87,broken clouds
268,Muana,BR,-1.5283,-49.2167,76.87,90,91,4.38,overcast clouds
269,Yazman,PK,29.1212,71.7446,71.13,30,0,8.48,clear sky
270,Sitka,US,57.0531,-135.33,39.2,60,40,13.8,light snow
271,Ilulissat,GL,69.2167,-51.1,12.2,67,75,4.61,broken clouds
272,Christchurch,NZ,-43.5333,172.6333,66.99,55,5,3.44,clear sky
273,Sabla,NG,12.7525,4.7077,87.17,13,15,5.57,few clouds
274,Cozumel,MX,20.5083,-86.9458,80.01,73,75,6.91,broken clouds
275,Abu Dhabi,AE,24.4667,54.3667,71.6,88,0,3.44,clear sky
276,Okmulgee,US,35.6234,-95.9605,55.4,50,90,14.97,overcast clouds
277,Ulyanovsk,RU,54.0,48.0,39.2,87,90,11.18,light rain
278,Dali,CN,25.7,100.1833,58.32,61,15,3.62,few clouds
279,Marzuq,YE,14.4,46.4667,65.41,29,2,3.62,clear sky
280,Terney,RU,45.0503,136.6092,30.65,37,100,12.06,overcast clouds
281,Tyukhtet,RU,56.5389,89.3011,31.55,96,100,8.68,light snow
282,Kutum,SD,14.2,24.6667,72.45,8,95,8.46,overcast clouds
283,Sapele,NG,5.8941,5.6767,78.64,91,73,2.53,broken clouds
284,Poronaysk,RU,49.2167,143.1167,32.2,75,100,16.93,overcast clouds
285,Kalianget,ID,-7.05,113.9333,82.17,82,100,14.85,overcast clouds
286,Leningradskiy,RU,69.3833,178.4167,-5.71,90,76,9.48,broken clouds
287,Tabou,CI,4.423,-7.3528,79.52,88,60,5.44,light rain
288,Bredasdorp,ZA,-34.5322,20.0403,55.4,94,78,1.14,broken clouds
289,Sept-Iles,CA,50.2001,-66.3821,44.01,87,75,3.44,broken clouds
290,Svetlaya,RU,46.5389,138.3297,33.64,33,27,2.06,scattered clouds
291,Nuevo Progreso,MX,23.1667,-97.95,79.0,88,0,4.0,clear sky
292,Constantine,DZ,36.365,6.6147,44.6,81,75,5.75,broken clouds
293,Ancud,CL,-41.8697,-73.8203,55.0,88,100,13.0,overcast clouds
294,Ilhabela,BR,-23.7781,-45.3581,73.26,82,64,12.95,broken clouds
295,Dolores,AR,-36.3132,-57.6792,66.67,88,0,8.25,clear sky
296,Clifton,US,40.8584,-74.1638,63.0,39,1,6.91,clear sky
297,Daru,PG,-9.0763,143.2092,79.23,82,98,9.75,overcast clouds
298,Iskateley,RU,67.6803,53.1512,33.35,96,100,11.7,overcast clouds
299,Venice,US,27.0998,-82.4543,72.0,73,1,4.61,clear sky
300,Vilcun,CL,-38.65,-72.2333,53.6,87,0,3.44,clear sky
301,Tolaga Bay,NZ,-38.3667,178.3,67.1,66,14,5.7,few clouds
302,Ende,ID,-8.8432,121.6623,83.77,74,54,1.95,broken clouds
303,Mahibadhoo,MV,3.7833,72.9667,81.86,73,11,7.56,few clouds
304,Shakawe,BW,-18.3667,21.85,71.82,49,74,6.69,broken clouds
305,Saint George,US,37.1041,-113.5841,80.01,7,1,9.22,clear sky
306,Pimenta Bueno,BR,-11.6725,-61.1936,73.31,96,100,3.04,overcast clouds
307,Rome,US,34.257,-85.1647,75.2,46,75,4.61,broken clouds
308,Porto Santo,PT,33.072,-16.3415,64.4,88,40,4.61,scattered clouds
309,Rockland,US,41.1668,-74.0496,61.0,52,1,5.23,clear sky
310,Necochea,AR,-38.5473,-58.7368,75.0,74,73,8.99,broken clouds
311,Macheng,CN,31.1783,115.0319,57.2,73,95,8.25,overcast clouds
312,Cururupu,BR,-1.8283,-44.8683,77.72,86,100,2.44,overcast clouds
313,Lagunas,PE,-5.2269,-75.6753,73.22,99,95,2.66,overcast clouds
314,Lorengau,PG,-2.0226,147.2712,81.59,81,100,14.25,overcast clouds
315,Carnarvon,AU,-24.8667,113.6333,77.0,69,5,21.85,clear sky
316,Mehamn,NO,71.0357,27.8492,25.66,86,45,13.24,scattered clouds
317,Fortuna,US,40.5982,-124.1573,53.01,71,90,11.5,overcast clouds
318,Iquique,CL,-20.2208,-70.1431,68.0,73,90,10.36,overcast clouds
319,Tsaratanana,MG,-16.7833,47.65,72.05,81,100,8.63,overcast clouds
320,Atasu,KZ,48.6814,71.6433,38.16,80,14,6.02,few clouds
321,Mikhaylovka,RU,50.06,43.2379,45.12,91,6,10.98,clear sky
322,Norman Wells,CA,65.282,-126.8329,10.4,56,20,10.36,few clouds
323,Valparaiso,CL,-33.0393,-71.6273,62.01,88,0,8.05,clear sky
324,Johnstown,US,40.3267,-78.922,66.2,48,90,3.44,overcast clouds
325,Yulara,AU,-25.2406,130.9889,77.0,29,6,9.22,clear sky
326,Chipinge,ZW,-20.1883,32.6236,53.31,90,5,2.82,clear sky
327,Roebourne,AU,-20.7833,117.1333,86.34,51,31,11.56,scattered clouds
328,Ilmajoki,FI,62.7333,22.5667,25.0,93,0,3.71,clear sky
329,Shaowu,CN,27.3409,117.4831,61.2,90,100,3.96,overcast clouds
330,Miri,MY,4.4148,114.0089,78.8,89,40,3.44,moderate rain
331,Exeter,GB,50.7236,-3.5275,36.0,87,0,1.14,clear sky
332,Broome,US,42.2506,-75.833,60.8,36,1,4.61,clear sky
333,Husavik,IS,66.0449,-17.3389,23.0,86,90,19.57,light snow
334,Barranca,PE,-10.75,-77.7667,69.17,85,96,6.42,overcast clouds
335,Rawson,AR,-43.3002,-65.1023,65.32,45,0,10.11,clear sky
336,San Quintin,MX,30.4833,-115.95,65.44,68,10,15.05,clear sky
337,Nouadhibou,MR,20.931,-17.0347,64.4,82,0,13.8,clear sky
338,Chenzhou,CN,25.8,113.0333,56.3,87,100,5.99,overcast clouds
339,Suntar,RU,62.1444,117.6319,33.42,99,100,6.29,light snow
340,Najran,SA,17.4924,44.1277,62.6,23,0,0.72,clear sky
341,Tommot,RU,58.9564,126.2925,18.55,76,100,2.98,overcast clouds
342,Bardiyah,LY,31.7561,25.0865,58.41,76,100,2.98,overcast clouds
343,Saint-Pierre,RE,-21.3393,55.4781,78.8,78,75,8.05,light rain
344,Raudeberg,NO,61.9875,5.1352,30.99,84,100,7.81,light snow
345,Port Blair,IN,11.6667,92.75,81.66,71,43,0.92,scattered clouds
346,Bennington,US,42.8781,-73.1968,59.0,55,1,3.44,clear sky
347,Yicheng,CN,31.3705,119.8703,46.99,99,99,11.01,overcast clouds
348,Piacabucu,BR,-10.4056,-36.4344,77.2,75,100,7.76,overcast clouds
349,Alta Floresta,BR,-9.8756,-56.0861,71.42,93,91,2.33,overcast clouds
350,Alugan,PH,12.2188,125.4808,80.67,74,100,6.02,overcast clouds
351,Sabang,ID,5.8933,95.3214,82.17,73,98,10.33,overcast clouds
352,East London,ZA,-33.0153,27.9116,65.59,78,9,9.93,clear sky
353,Tema,GH,5.667,-0.0166,84.2,84,20,10.36,few clouds
354,Acari,PE,-15.4311,-74.6158,73.44,75,100,4.94,overcast clouds
355,Hamilton,US,39.1834,-84.5333,75.2,46,40,4.61,scattered clouds
356,Rio Grande,BR,-32.035,-52.0986,73.0,86,2,5.01,clear sky
357,Naryan-Mar,RU,67.6713,53.087,33.44,97,100,11.88,overcast clouds
358,Khorixas,NA,-20.3667,14.9667,74.05,53,32,6.8,scattered clouds
359,Dubbo,AU,-32.25,148.6167,71.6,68,3,12.66,clear sky
360,Chilia Veche,RO,45.4167,29.2833,37.4,81,75,4.61,broken clouds
361,Esperance,AU,-33.8667,121.9,62.6,94,90,5.75,overcast clouds
362,Asahikawa,JP,43.7678,142.3703,32.0,86,90,12.66,snow
363,Rio Gallegos,AR,-51.6226,-69.2181,55.4,50,75,8.05,broken clouds
364,Phibun Mangsahan,TH,15.2447,105.2291,87.01,74,20,11.43,few clouds
365,Tarija,BO,-21.5355,-64.7296,68.0,68,20,3.11,few clouds
366,Beira,MZ,-19.8436,34.8389,77.0,69,20,4.43,few clouds
367,Magadan,RU,59.5667,150.8,20.01,63,11,4.45,few clouds
368,Farafangana,MG,-22.8167,47.8333,71.67,86,23,4.52,few clouds
369,Sechura,PE,-5.5569,-80.8222,75.96,66,99,16.51,overcast clouds
370,Hami,CN,42.8,93.45,60.55,19,80,8.63,broken clouds
371,Elmira,US,42.0898,-76.8077,62.6,36,1,6.91,clear sky
372,Brae,GB,60.3964,-1.353,37.4,75,75,18.41,broken clouds
373,Riyadh,SA,24.6877,46.7219,73.4,23,0,3.44,clear sky
374,Adre,TD,13.4667,22.2,76.73,11,30,8.5,scattered clouds
375,Marrakesh,MA,31.6315,-8.0083,60.8,72,75,5.75,broken clouds
376,Coahuayana,MX,18.7333,-103.6833,80.6,47,1,11.5,clear sky
377,Lianran,CN,24.9227,102.485,59.0,87,75,6.71,mist
378,Zumarraga,PH,11.6388,124.8417,81.12,69,100,2.51,overcast clouds
379,Tahe,CN,52.3333,124.7333,28.92,43,25,1.74,scattered clouds
380,Grove City,US,39.8815,-83.093,73.4,46,1,3.44,clear sky
381,Sandnessjoen,NO,66.0217,12.6316,30.2,93,75,8.05,light snow
382,Pembroke,CA,45.8168,-77.1162,57.2,44,1,5.75,clear sky
383,San Patricio,US,28.017,-97.5169,84.2,65,1,10.36,clear sky
384,Linhares,BR,-19.3911,-40.0722,68.59,92,50,3.98,scattered clouds
385,Poya,NC,-21.35,165.15,83.19,60,100,5.93,overcast clouds
386,Potchefstroom,ZA,-26.7167,27.1,55.81,83,3,1.41,clear sky
387,Griffith,US,41.5284,-87.4237,75.2,53,75,6.91,broken clouds
388,Sovetskiy,RU,61.3614,63.5842,33.22,88,100,5.91,overcast clouds
389,Goderich,CA,43.7501,-81.7165,64.4,55,100,13.8,overcast clouds
390,Shubarkuduk,KZ,49.1447,56.4872,37.04,87,100,4.23,overcast clouds
391,Wagar,SD,16.1525,36.2032,83.86,46,80,7.76,broken clouds
392,Lyngseidet,NO,69.5763,20.2189,30.2,80,75,17.27,broken clouds
393,Arman,RU,59.7,150.1667,21.36,64,11,2.75,few clouds
394,Svetlyy,RU,54.675,20.1347,35.6,93,75,13.42,broken clouds
395,Concepcion Del Uruguay,AR,-32.4825,-58.2372,78.01,65,5,5.01,clear sky
396,Merauke,ID,-8.4667,140.3333,76.89,90,100,6.46,overcast clouds
397,Hebi,CN,35.8992,114.1925,58.68,40,0,7.31,clear sky
398,Bilma,NE,18.6853,12.9164,82.56,6,79,5.48,broken clouds
399,Juli,PE,-16.2167,-69.45,43.95,72,100,3.27,overcast clouds
400,Ingham,US,42.6,-84.3833,73.4,52,1,11.5,clear sky
401,Ouallam,NE,14.3188,2.0866,85.08,7,39,11.14,scattered clouds
402,Nouakchott,MR,18.0858,-15.9785,73.4,68,0,12.66,clear sky
403,Black River,JM,18.0264,-77.8487,80.01,78,20,11.5,light rain
404,Maldonado,UY,-34.6667,-54.9167,71.6,83,0,11.5,clear sky
405,Port Hardy,CA,50.6996,-127.4199,42.8,93,75,5.75,light rain
406,Korla,CN,41.7597,86.1469,57.45,33,100,5.64,overcast clouds
407,Soe,ID,-9.8607,124.284,76.17,70,45,2.42,scattered clouds
408,Naron,ES,43.5167,-8.1528,52.0,76,0,3.44,clear sky
409,Keetmanshoop,NA,-26.5833,18.1333,73.4,53,2,10.36,clear sky
410,Lincoln,US,40.8,-96.667,48.2,87,90,18.41,mist
411,Lazurne,UA,46.084,32.5295,37.99,100,100,5.99,overcast clouds
412,Bandar-E Lengeh,IR,26.5579,54.8807,66.2,88,0,4.61,clear sky
413,Sanbu,CN,33.4594,119.1453,57.63,49,0,2.62,clear sky
414,Sarab,IR,38.6066,44.9883,57.58,35,99,4.12,overcast clouds
415,Lukulu,ZM,-14.3707,23.242,63.12,74,16,4.92,few clouds
416,Labuan,MY,5.2767,115.2417,78.8,94,40,2.3,scattered clouds
417,Georgiyevka,KZ,43.0369,74.7114,42.8,81,0,8.95,clear sky
418,Senneterre,CA,48.3835,-77.2328,53.6,37,75,3.44,broken clouds
419,Richards Bay,ZA,-28.783,32.0377,67.59,88,71,7.18,broken clouds
420,Pacific Grove,US,36.6177,-121.9166,59.0,58,1,10.36,clear sky
421,Tornio,FI,65.8481,24.1466,21.2,100,0,2.3,clear sky
422,Hopelchen,MX,19.7667,-89.85,82.4,74,40,11.5,scattered clouds
423,Okha,RU,53.5739,142.9478,30.15,87,100,17.76,overcast clouds
424,Miandrivazo,MG,-19.5167,45.4667,74.68,82,0,2.42,clear sky
425,Moratuwa,LK,6.773,79.8816,75.2,94,1,2.3,clear sky
426,Ambovombe,MG,-25.1667,46.0833,70.05,85,0,10.29,clear sky
427,Ugoofaaru,MV,5.6667,73.0,82.38,72,27,8.37,scattered clouds
428,Yaan,NG,7.3833,8.5667,84.18,60,81,12.1,broken clouds
429,Ulverstone,AU,-41.15,146.1667,64.99,86,100,5.01,overcast clouds
430,Alanya,TR,36.5438,31.9998,57.2,88,40,4.61,scattered clouds
431,Sucre,BO,-19.0333,-65.2627,59.76,66,33,4.7,scattered clouds
432,Anadyr,RU,64.75,177.4833,-9.0,77,0,6.71,clear sky
433,Senno,RU,59.5336,33.9167,32.0,91,100,7.52,snow
434,Kemijarvi,FI,66.7131,27.4306,20.5,96,42,3.0,scattered clouds
435,Chapleau,CA,47.8405,-83.4034,48.2,100,90,6.91,mist
436,Mae Hong Son,TH,19.3003,97.9685,73.4,88,75,2.3,broken clouds
437,Lola,GN,7.8,-8.5333,72.12,96,100,3.67,light rain
438,Braine-Le-Comte,BE,50.6082,4.1434,32.0,84,9,1.01,clear sky
439,Vila Do Maio,CV,15.1333,-23.2167,73.4,49,0,19.57,clear sky
440,Poitiers,FR,46.5833,0.3333,32.0,74,0,2.59,clear sky
441,Tay Ninh,VN,11.3,106.1,85.14,59,19,6.17,few clouds
442,Sinnamary,GF,5.3833,-52.95,74.59,91,99,3.02,overcast clouds
443,Moose Factory,CA,51.2585,-80.6094,37.4,75,1,2.3,clear sky
444,Thinadhoo,MV,0.5333,72.9333,82.26,70,61,9.15,broken clouds
445,Oranjemund,NA,-28.55,16.4333,58.3,93,1,3.69,clear sky
446,Cafarnaum,BR,-11.6936,-41.4683,73.38,64,46,13.35,scattered clouds
447,Touros,BR,-5.1989,-35.4608,78.8,89,20,5.75,few clouds
448,Hokitika,NZ,-42.7167,170.9667,60.6,68,1,5.99,clear sky
449,Beringovskiy,RU,63.05,179.3167,4.35,83,14,8.3,few clouds
450,La Ronge,CA,55.1001,-105.2842,51.8,37,99,14.97,overcast clouds
451,Mbuguni,TZ,-3.5667,36.95,66.42,93,69,3.27,broken clouds
452,Mtambile,TZ,-5.3833,39.7,78.89,81,99,10.25,light rain
453,Dingle,PH,10.9995,122.6711,83.17,66,100,8.43,overcast clouds
454,Bagdarin,RU,54.4333,113.6,40.15,41,97,1.3,overcast clouds
455,Santa Marta,CO,11.2408,-74.199,81.0,80,61,10.09,broken clouds
456,Dudinka,RU,69.4058,86.1778,1.92,85,71,8.25,broken clouds
457,Sayyan,YE,15.1718,44.3244,53.42,15,6,4.94,clear sky
458,Kodinar,IN,20.7903,70.7031,75.78,76,0,14.58,clear sky
459,Pokosnoye,RU,55.5258,101.0536,34.29,90,100,15.77,overcast clouds
460,Muros,ES,42.7762,-9.0603,54.0,84,100,4.79,overcast clouds
461,Brooks,CA,50.5834,-111.8851,64.4,17,100,18.41,overcast clouds
462,Gonbad-E Qabus,IR,37.25,55.1672,51.8,93,9,3.94,clear sky
463,Ozernovskiy,RU,51.5,156.5167,33.06,71,100,35.77,overcast clouds
464,Santa Catarina De Tepehuanes,MX,25.35,-105.7333,74.98,22,100,6.71,overcast clouds
465,Dunedin,NZ,-45.8742,170.5036,63.0,65,15,10.0,few clouds
466,Malakal,SS,9.5334,31.6605,87.15,11,18,0.04,few clouds
467,Tura,IN,25.5198,90.2201,72.43,67,0,6.98,clear sky
468,Paamiut,GL,61.994,-49.6678,29.35,91,100,6.02,overcast clouds
469,Sola,VU,-13.8833,167.55,89.6,74,40,3.94,scattered clouds
470,Pozo Colorado,PY,-23.4923,-58.7972,81.68,51,34,5.35,scattered clouds
471,Rudnaya Pristan,RU,44.3614,135.8116,33.91,33,97,10.51,overcast clouds
472,Coquimbo,CL,-29.9533,-71.3436,60.8,88,90,5.75,overcast clouds
473,Guiyang,CN,26.5833,106.7167,51.8,100,90,2.24,mist
474,Fuxin,CN,42.0156,121.6589,51.87,19,0,9.42,clear sky
475,Cidreira,BR,-30.1811,-50.2056,74.03,74,2,21.59,clear sky
476,Outjo,NA,-20.1167,16.15,65.01,65,55,5.41,broken clouds
477,Erie,US,42.7667,-78.6664,62.6,36,40,9.22,scattered clouds
478,Acarau,BR,-2.8856,-40.12,80.58,82,95,15.66,overcast clouds
479,Khasan,RU,42.4308,130.6434,42.53,37,18,13.15,few clouds
480,Nizhnyaya Tavda,RU,57.6731,66.1725,33.12,87,29,8.52,scattered clouds
481,Tautira,PF,-17.7333,-149.15,86.0,58,20,10.36,few clouds
482,Nizwa,OM,22.9333,57.5333,70.59,42,0,1.66,clear sky
483,Foix,FR,42.8333,1.5833,39.99,25,2,6.13,clear sky
484,Hvolsvollur,IS,63.7533,-20.2243,25.0,95,100,21.99,snow
485,Moerai,PF,-22.4333,-151.3333,78.46,71,97,14.65,overcast clouds
486,Monrovia,LR,6.3005,-10.7969,77.0,94,20,4.97,few clouds
487,Vestmannaeyjar,IS,63.4427,-20.2734,33.1,89,100,25.43,snow
488,Alvand,IR,36.3187,49.1678,52.05,25,100,5.86,overcast clouds
489,Llangefni,GB,53.2556,-4.3106,46.99,93,90,10.36,light intensity drizzle
490,Waingapu,ID,-9.6567,120.2641,81.46,77,40,2.1,scattered clouds
491,Wufeng,CN,27.45,104.8333,46.02,90,100,2.57,overcast clouds
492,Hervey Bay,AU,-25.2986,152.8535,79.0,68,0,5.99,clear sky
493,Micheweni,TZ,-4.9667,39.8333,78.21,85,90,9.13,moderate rain
494,Sivas,TR,39.7916,37.0019,44.6,61,0,11.5,clear sky
495,Lompoc,US,34.6391,-120.4579,62.6,55,48,16.11,scattered clouds
496,Samarai,PG,-10.6167,150.6667,83.66,70,100,3.89,overcast clouds
497,Arlit,NE,18.7369,7.3853,81.88,7,19,7.78,few clouds
498,Pisco,PE,-13.7,-76.2167,71.01,78,0,19.57,clear sky
499,Nicoya,CR,10.1483,-85.452,84.2,58,40,5.75,scattered clouds
500,Kosa,RU,59.9445,54.9977,34.39,99,100,5.53,overcast clouds
501,Pitanga,BR,-24.7572,-51.7614,62.35,85,0,7.7,clear sky
502,Marabba,SD,12.35,32.1833,84.13,5,12,9.64,few clouds
503,Tulun,RU,54.5611,100.5792,34.23,83,100,17.05,overcast clouds
504,Ikungi,TZ,-5.1333,34.7667,58.06,97,12,8.14,few clouds
505,Dhidhdhoo,MV,6.8833,73.1,82.38,74,21,7.52,few clouds
506,Byron Bay,AU,-28.65,153.6167,73.4,83,75,11.5,broken clouds
507,Capitao Poco,BR,-1.7464,-47.0594,74.52,94,94,3.47,overcast clouds
508,Batemans Bay,AU,-35.7167,150.1833,73.99,75,0,3.0,clear sky
509,Chimore,BO,-16.9833,-65.1333,73.11,96,100,2.33,overcast clouds
510,Avera,US,33.194,-82.5271,73.4,46,1,3.44,clear sky
511,Olafsvik,IS,64.8945,-23.7142,27.64,75,100,43.71,overcast clouds
512,Pendleton,US,45.6721,-118.7886,54.0,40,1,17.27,clear sky
513,Laguna,US,38.421,-121.4238,69.8,32,40,18.41,scattered clouds
514,Buctzotz,MX,21.2,-88.7833,79.0,66,100,6.35,overcast clouds
515,Caravelas,BR,-17.7125,-39.2481,73.76,86,100,10.94,overcast clouds
516,Upata,VE,8.0086,-62.3989,86.0,68,30,1.99,scattered clouds
517,Werda,BW,-25.2667,23.2833,65.05,55,5,5.77,clear sky
518,Gushikawa,JP,26.3544,127.8686,71.6,64,1,11.5,clear sky
519,Sao Borja,BR,-28.6606,-56.0044,68.95,70,0,6.62,clear sky
520,Prainha,BR,-1.8,-53.48,74.95,92,99,3.27,overcast clouds
521,Mauganj,IN,24.6833,81.8833,80.92,16,22,2.37,few clouds
522,Zasheyek,RU,67.4066,32.5499,28.99,94,56,7.23,broken clouds
523,Karratha,AU,-20.7377,116.8463,86.43,51,12,12.91,few clouds
524,Provost,CA,52.3501,-110.2683,62.6,17,100,17.27,overcast clouds
525,Yenagoa,NG,4.9247,6.2642,78.55,92,100,4.27,overcast clouds
526,Iqaluit,CA,63.7506,-68.5145,33.8,93,90,28.77,snow
527,Hofn,IS,64.2539,-15.2082,27.1,73,100,20.11,light snow
528,Alakurtti,RU,66.9672,30.3491,30.0,94,100,4.21,light snow
529,Beroroha,MG,-21.6667,45.1667,70.66,79,2,5.06,clear sky
530,Shubarshi,KZ,48.5872,57.1869,39.42,83,100,2.82,overcast clouds
531,Rundu,NA,-17.9333,19.7667,71.08,51,97,6.89,overcast clouds
532,Odesskoye,RU,54.2111,72.9651,33.67,99,100,6.31,overcast clouds
533,Aripuana,BR,-9.1667,-60.6333,74.17,95,100,0.38,overcast clouds
534,Labuhan,ID,-6.8844,112.2051,81.9,79,100,10.47,overcast clouds
535,Charyshskoye,RU,51.3978,83.5598,33.85,96,69,2.06,broken clouds
536,Pangai,TO,-19.8,-174.35,82.4,65,20,4.61,few clouds
537,Stonewall,CA,50.1344,-97.3268,59.0,25,90,14.97,overcast clouds
538,Sao Felix Do Xingu,BR,-6.6447,-51.995,75.54,86,100,3.15,overcast clouds
539,Compostela,PH,7.6731,126.0889,84.9,68,71,3.58,broken clouds
540,Hanna,CA,51.6334,-111.9018,62.01,20,100,8.01,overcast clouds
541,Nacala,MZ,-14.5428,40.6728,70.97,96,55,8.5,broken clouds
542,Kieta,PG,-6.2167,155.6333,78.6,90,100,10.38,light rain
543,Los Llanos De Aridane,ES,28.6585,-17.9182,68.0,88,90,6.91,overcast clouds
544,Manjacaze,MZ,-24.7117,33.8828,66.72,96,45,3.69,scattered clouds
545,Peachland,CA,49.7665,-119.7357,55.0,37,13,1.14,few clouds
546,Mnogovershinnyy,RU,53.9353,139.9242,25.79,87,100,7.94,overcast clouds
547,Sri Aman,MY,1.2376,111.4621,77.0,94,40,0.81,scattered clouds
548,Camabatela,AO,-8.1881,15.375,61.77,93,100,4.27,overcast clouds
549,Canton,CN,23.1167,113.25,75.0,39,100,4.25,light rain
550,Libreville,GA,0.3925,9.4537,82.4,89,40,6.91,scattered clouds
551,La Rioja,ES,42.25,-2.5,37.4,70,0,4.61,clear sky
552,Kloulklubed,PW,7.0419,134.2556,84.2,74,75,3.62,broken clouds
553,Biltine,TD,14.5333,20.9167,81.63,11,99,9.75,overcast clouds
554,Valkeakoski,FI,61.2642,24.0312,30.0,100,0,2.3,clear sky
555,Glarus,CH,47.0406,9.068,37.4,48,90,6.91,overcast clouds
556,Agropoli,IT,40.3469,14.9966,43.0,61,20,14.0,few clouds
557,Harwich,GB,51.9419,1.2844,37.99,69,4,9.62,clear sky
558,Pueblo Nuevo,MX,23.3833,-105.3833,63.9,45,11,4.0,few clouds
559,Campana,AR,-34.1687,-58.9591,78.01,70,0,6.44,clear sky
560,Prudentopolis,BR,-25.2131,-50.9778,59.94,95,1,3.8,clear sky
561,Maceio,BR,-9.6658,-35.7353,75.2,88,40,1.14,scattered clouds
562,Villarrica,PY,-25.75,-56.4333,73.51,69,0,4.54,clear sky
563,San Buenaventura,MX,27.0833,-101.5333,84.97,9,100,16.49,overcast clouds
564,Muritiba,BR,-12.9167,-39.25,69.55,96,4,4.76,clear sky
565,Tabuk,PH,17.4189,121.4443,78.87,64,22,2.33,few clouds
566,Kahului,US,20.8947,-156.47,78.8,53,40,21.85,scattered clouds
567,Vanimo,PG,-2.6741,141.3028,78.66,87,100,3.06,overcast clouds
568,Warri,NG,5.5167,5.75,78.31,91,100,3.69,overcast clouds
569,Pewaukee,US,43.0806,-88.2612,64.0,82,40,8.05,scattered clouds
570,Jalu,LY,29.0331,21.5482,62.62,32,14,8.61,few clouds
571,Bitkine,TD,11.9801,18.2138,83.61,14,78,5.82,broken clouds
572,Channel-Port Aux Basques,CA,47.5702,-59.1367,41.65,94,95,10.54,overcast clouds
573,Santa Vitoria,BR,-18.8386,-50.1214,73.27,71,100,4.47,overcast clouds
574,Dubti,ET,11.7361,41.0853,76.87,30,16,7.0,few clouds
575,Antoniny,UA,49.8097,26.8771,30.29,80,20,10.25,few clouds
576,Canon City,US,38.441,-105.2424,66.2,19,1,3.44,clear sky
577,Havoysund,NO,70.9963,24.6622,32.0,74,90,10.36,light snow
578,Bozeman,US,45.6796,-111.0386,62.6,19,1,20.71,clear sky
579,Harnosand,SE,62.6323,17.9379,28.4,80,0,6.91,clear sky
580,Baruun-Urt,MN,46.6806,113.2792,44.02,27,0,6.26,clear sky
581,Kuytun,RU,54.3419,101.5036,33.82,92,100,16.73,overcast clouds
582,Rameswaram,IN,9.2833,79.3,82.31,73,49,10.45,scattered clouds
583,Abnub,EG,27.2696,31.1511,69.8,32,0,9.22,clear sky
584,Rabo De Peixe,PT,37.8,-25.5833,60.8,82,75,18.41,broken clouds
585,Singaparna,ID,-7.3515,108.111,78.22,69,65,2.59,broken clouds
586,Isangel,VU,-19.55,169.2667,86.0,70,40,11.5,scattered clouds
587,Am Timan,TD,11.0297,20.2827,85.24,13,97,6.33,overcast clouds
588,Kudahuvadhoo,MV,2.6708,72.8944,82.0,70,18,6.93,few clouds
589,Komsomolskiy,UZ,40.4272,71.7189,46.4,66,0,6.91,clear sky
590,Jurmala,LV,56.968,23.7704,33.8,93,90,4.61,light rain
591,Qaqortoq,GL,60.7167,-46.0333,39.2,56,40,5.75,scattered clouds
592,Lensk,RU,60.7253,114.9278,35.74,91,100,9.37,overcast clouds
593,Hare Bay,CA,48.8499,-54.0148,39.2,100,90,6.91,fog
594,Billings,US,45.7833,-108.5007,62.6,23,1,17.27,clear sky
595,Safaga,EG,26.7292,33.9365,77.0,19,0,13.8,clear sky
596,Vuktyl,RU,63.8567,57.3094,28.4,89,88,5.28,overcast clouds
597,Santiago Del Estero,AR,-27.7951,-64.2615,83.91,49,100,12.03,overcast clouds
598,Chone,EC,-0.6833,-80.1,74.93,92,100,3.53,light rain
599,Khor,RU,47.8861,134.9464,31.96,37,24,4.29,few clouds
600,Half Moon Bay,US,37.4636,-122.4286,57.2,76,90,17.27,haze
601,Almaznyy,RU,48.0448,40.045,50.0,93,75,13.42,broken clouds
602,Maragogi,BR,-9.0122,-35.2225,78.51,76,100,7.58,overcast clouds
603,Kumluca,TR,36.3703,30.2869,59.29,77,22,0.65,few clouds
604,Alpena,US,45.0617,-83.4327,50.0,76,1,8.05,clear sky
605,Sesheke,ZM,-17.4759,24.2968,65.62,68,79,5.17,broken clouds
606,Grand-Santi,GF,4.25,-54.3833,71.67,99,100,1.66,overcast clouds
607,Santiago,CL,-33.4569,-70.6483,68.0,52,0,13.8,clear sky
608,Papara,BR,-3.9839,-38.7273,84.2,79,0,13.8,clear sky
609,Saint-Francois,FR,46.4154,3.9054,27.0,86,0,4.61,clear sky
610,Ukiah,US,39.1502,-123.2078,66.2,37,1,9.22,clear sky
611,Vallenar,CL,-28.5708,-70.7581,66.76,65,100,3.11,overcast clouds
612,Kismayo,SO,-0.3582,42.5454,82.24,72,21,10.83,few clouds
613,Kuna,US,43.4918,-116.4201,70.0,18,1,8.05,clear sky
614,Olinda,BR,-8.0089,-34.8553,80.6,65,40,11.5,scattered clouds
615,Arivonimamo,MG,-19.0167,47.1833,64.4,88,75,5.75,broken clouds
616,Ulvik,NO,60.5672,6.9187,23.83,96,100,2.1,overcast clouds
617,Hanko,FI,59.8333,22.95,32.0,72,60,13.49,broken clouds
618,Xining,CN,36.6167,101.7667,42.93,66,16,2.01,few clouds
619,Lanivtsi,UA,49.8633,26.0908,30.24,80,17,10.36,few clouds
620,Aguia Branca,BR,-18.9831,-40.7403,66.99,97,52,3.18,broken clouds
621,Windhoek,NA,-22.5594,17.0832,62.01,82,0,6.91,clear sky
622,Moron,AR,-34.6534,-58.6198,79.0,67,31,7.99,scattered clouds
623,Prachuap Khiri Khan,TH,12.2167,99.75,84.0,94,20,2.71,few clouds
624,Lucapa,AO,-8.4192,20.7447,63.5,97,100,3.36,overcast clouds
625,Kulykiv,UA,50.3142,24.8176,30.99,86,51,1.01,broken clouds
626,San Cristobal,VE,7.7669,-72.225,80.6,83,40,8.05,scattered clouds
627,Manakara,MG,-22.1333,48.0167,70.99,87,61,4.79,broken clouds
628,Soure,BR,-0.7167,-48.5233,79.56,84,82,7.99,broken clouds
629,The Valley,AI,18.217,-63.0578,78.8,78,20,5.75,few clouds
630,Nsanje,MW,-16.92,35.262,64.18,95,3,2.08,clear sky
631,Wad Rawah,SD,15.1603,33.1397,85.37,7,83,11.36,broken clouds
632,Ust-Nera,RU,64.5667,143.2,10.56,85,100,4.43,overcast clouds
633,Ibra,OM,22.6906,58.5334,70.2,37,0,2.59,clear sky
634,Tiznit,MA,29.5833,-9.5,54.36,86,50,3.87,scattered clouds
635,Patamundai,IN,20.5667,86.5667,78.76,85,0,9.35,clear sky
636,Filingue,NE,14.3521,3.3168,86.16,8,56,6.49,broken clouds
637,Anzio,IT,41.4853,12.6179,39.0,64,1,4.0,clear sky
638,Carroll,US,39.5501,-77.0164,71.6,40,40,5.75,scattered clouds
639,Mount Isa,AU,-20.7333,139.5,87.8,30,7,12.66,clear sky
640,Itaituba,BR,-4.2761,-55.9836,87.8,62,20,2.3,few clouds
641,Luleburgaz,TR,41.4039,27.3592,41.0,87,75,17.27,light rain
642,Buala,SB,-8.145,159.5921,82.51,73,100,9.24,light rain
643,Grand Gaube,MU,-20.0064,57.6608,80.01,77,94,7.0,light rain
644,Victor Harbor,AU,-35.5667,138.6167,78.01,30,75,4.0,broken clouds
645,Tarko-Sale,RU,64.9225,77.785,23.86,93,100,8.41,overcast clouds
646,Kasama,ZM,-10.2129,31.1808,58.75,98,100,3.71,overcast clouds
647,Wanaka,NZ,-44.7,169.15,61.0,71,0,5.01,clear sky
648,Gerash,IR,27.6652,54.1371,64.4,29,0,6.91,clear sky
649,Annau,TM,37.8876,58.516,57.2,62,12,2.3,few clouds
650,Bonavista,CA,48.6499,-53.1147,37.99,100,96,4.61,overcast clouds
651,Jining,CN,35.405,116.5814,61.11,53,0,1.68,clear sky
652,Changji,CN,44.0167,87.3167,51.8,54,0,2.24,clear sky
653,Algiers,DZ,36.7525,3.042,53.6,71,40,10.36,scattered clouds
654,Blagoveshchensk,RU,50.2667,127.5333,28.4,37,0,15.66,clear sky
655,Laje,BR,-10.1833,-40.9667,73.08,67,81,6.87,broken clouds
656,Gat,IL,31.61,34.7642,62.01,55,0,3.44,clear sky
657,Mbandaka,CD,0.0487,18.2603,71.71,97,100,4.72,light rain
658,Rotifunk,SL,8.2333,-12.6833,79.32,87,100,2.82,overcast clouds
659,Shelbyville,US,35.4834,-86.4603,71.6,60,1,5.75,clear sky
660,Makakilo City,US,21.3469,-158.0858,80.6,44,1,10.36,clear sky
661,Tadine,NC,-21.55,167.8833,78.91,73,34,12.46,scattered clouds
662,Lat Yao,TH,15.751,99.7893,81.72,62,73,3.4,broken clouds
663,Wembley,AU,-31.9333,115.8,66.99,63,0,6.91,clear sky
664,Bodo,NO,67.28,14.405,30.2,86,90,18.41,snow
665,Aquiraz,BR,-3.9014,-38.3911,84.2,79,0,13.8,clear sky
666,Newcastle,AU,-32.9272,151.7765,73.0,83,40,8.05,scattered clouds
667,Hinganghat,IN,20.5667,78.8333,77.0,41,20,3.8,haze
668,Shiloh,US,38.5614,-89.8973,71.6,68,75,8.05,moderate rain
669,Zambezi,ZM,-13.5432,23.1047,62.55,83,25,4.54,scattered clouds
670,Patti,IN,31.2808,74.8572,62.6,67,0,8.05,smoke
671,Vao,NC,-22.6667,167.4833,76.42,75,21,17.16,few clouds
672,Panguna,PG,-6.3164,155.4848,71.65,94,100,3.6,light rain
673,Bintulu,MY,3.1667,113.0333,77.0,94,20,2.3,few clouds
674,Bedele,ET,8.456,36.353,60.82,55,60,1.97,broken clouds
675,Vilyuysk,RU,63.7553,121.6247,17.44,93,100,13.38,light snow
676,Kawalu,ID,-7.3817,108.2082,78.78,74,40,2.26,scattered clouds
677,Petatlan,MX,17.5167,-101.2667,76.77,67,0,4.18,clear sky
678,Muriti,TZ,-1.9833,32.9167,71.69,76,100,8.3,moderate rain
679,Alto Araguaia,BR,-17.3147,-53.2153,70.14,83,96,3.83,overcast clouds
680,Harper,LR,4.375,-7.7169,79.72,86,64,4.09,light rain
681,Sao Joao Da Barra,BR,-21.6403,-41.0511,71.55,80,13,4.05,few clouds
682,Linden,GY,6.0,-58.3,77.0,88,0,4.61,clear sky
683,Adrar,MR,20.5022,-10.0711,76.42,21,5,10.8,clear sky
684,Tromso,NO,69.6496,18.957,30.2,80,75,17.27,broken clouds
685,Chimbote,PE,-9.0853,-78.5783,69.49,88,91,6.85,overcast clouds
686,Vostok,RU,46.4856,135.8833,21.99,52,100,6.26,overcast clouds
687,Mariental,NA,-24.6333,17.9667,71.98,51,2,9.1,clear sky
688,La Reforma,MX,25.0833,-108.05,82.99,59,39,8.01,scattered clouds
689,Saraland,US,30.8207,-88.0706,71.6,83,75,9.22,broken clouds
690,Acajutla,SV,13.5928,-89.8275,73.99,89,100,3.0,overcast clouds
691,Bayonet Point,US,28.3267,-82.6834,71.01,72,100,7.54,overcast clouds
692,Sao Jose Da Coroa Grande,BR,-8.8978,-35.1478,78.6,77,100,7.94,overcast clouds
693,Chesma,RU,53.8111,60.6533,32.29,97,100,7.58,overcast clouds
694,Jiayuguan,CN,39.8167,98.3,47.89,32,100,2.39,overcast clouds
695,Trairi,BR,-3.2778,-39.2689,80.76,81,93,11.21,overcast clouds
696,Trairi,BR,-3.2778,-39.2689,80.76,81,93,11.21,overcast clouds
